{
    "providers": [
        {
            "type": "bitmap",
            "file": "koncept:font/icon/mouse.png",
            "ascent": 8,
            "height": 9,
            "chars": ["\ue001"]
        },
        {
            "type": "bitmap",
            "file": "minecraft:font/icon/difficulty.png",
            "ascent": 102,
            "height": 128,
            "chars": ["\ue952"]
        },
        {
            "type": "bitmap",
            "file": "minecraft:font/icon/type.png",
            "ascent": 102,
            "height": 128,
            "chars": ["\ue953"]
        }
	]
}