{
    "providers": [
        	{
			"type": "bitmap",
			"file": "minecraft:font/type/line.png",
			"ascent": -86,
			"height": 64,
			"chars": ["\uEF01"]
        	},
        	{
			"type": "bitmap",
			"file": "minecraft:font/type/cross.png",
			"ascent": -86,
			"height": 64,
			"chars": ["\uEF02"]
        	},
        	{
			"type": "bitmap",
			"file": "minecraft:font/type/full_house.png",
			"ascent": -86,
			"height": 64,
			"chars": ["\uEF03"]
	        },
	        {
			"type": "bitmap",
			"file": "minecraft:font/background/1.png",
			"ascent": 100,
			"height": 256,
			"chars": ["\uE001"]
		},
		{
			"type": "bitmap",
			"file": "minecraft:font/background/1-0.png",
			"ascent": 100,
			"height": 256,
			"chars": ["\uE002"]
		},
		{
			"type": "bitmap",
			"file": "minecraft:font/background/2.png",
			"ascent": 100,
			"height": 256,
			"chars": ["\uE003"]
		},
		{
			"type": "bitmap",
			"file": "minecraft:font/background/2-0.png",
			"ascent": 100,
			"height": 256,
			"chars": ["\uE004"]
		},
		{
			"type": "bitmap",
			"file": "minecraft:font/background/3.png",
			"ascent": 100,
			"height": 256,
			"chars": ["\uE005"]
		},
		{
			"type": "bitmap",
			"file": "minecraft:font/background/3-0.png",
			"ascent": 100,
			"height": 256,
			"chars": ["\uE006"]
		},
		{
			"type": "bitmap",
			"file": "minecraft:font/background/4.png",
			"ascent": 100,
			"height": 256,
			"chars": ["\uE007"]
		},
		{
			"type": "bitmap",
			"file": "minecraft:font/background/4-0.png",
			"ascent": 100,
			"height": 256,
			"chars": ["\uE008"]
		},
		{
			"type": "bitmap",
			"file": "minecraft:font/background/5.png",
			"ascent": 100,
			"height": 256,
			"chars": ["\uE009"]
		},
		{
			"type": "bitmap",
			"file": "minecraft:font/background/5-0.png",
			"ascent": 100,
			"height": 256,
			"chars": ["\uE010"]
		},
		{
			"type": "bitmap",
			"file": "minecraft:font/background/1.png",
			"ascent": 81,
			"height": 256,
			"chars": ["\uE011"]
		},
		{
			"type": "bitmap",
			"file": "minecraft:font/background/1-0.png",
			"ascent": 81,
			"height": 256,
			"chars": ["\uE012"]
		},
		{
			"type": "bitmap",
			"file": "minecraft:font/background/2.png",
			"ascent": 81,
			"height": 256,
			"chars": ["\uE013"]
		},
		{
			"type": "bitmap",
			"file": "minecraft:font/background/2-0.png",
			"ascent": 81,
			"height": 256,
			"chars": ["\uE014"]
		},
		{
			"type": "bitmap",
			"file": "minecraft:font/background/3.png",
			"ascent": 81,
			"height": 256,
			"chars": ["\uE015"]
		},
		{
			"type": "bitmap",
			"file": "minecraft:font/background/3-0.png",
			"ascent": 81,
			"height": 256,
			"chars": ["\uE016"]
		},
		{
			"type": "bitmap",
			"file": "minecraft:font/background/4.png",
			"ascent": 81,
			"height": 256,
			"chars": ["\uE017"]
		},
		{
			"type": "bitmap",
			"file": "minecraft:font/background/4-0.png",
			"ascent": 81,
			"height": 256,
			"chars": ["\uE018"]
		},
		{
			"type": "bitmap",
			"file": "minecraft:font/background/5.png",
			"ascent": 81,
			"height": 256,
			"chars": ["\uE019"]
		},
		{
			"type": "bitmap",
			"file": "minecraft:font/background/5-0.png",
			"ascent": 81,
			"height": 256,
			"chars": ["\uE020"]
		},
		{
			"type": "bitmap",
			"file": "minecraft:font/background/1.png",
			"ascent": 62,
			"height": 256,
			"chars": ["\uE021"]
		},
		{
			"type": "bitmap",
			"file": "minecraft:font/background/1-0.png",
			"ascent": 62,
			"height": 256,
			"chars": ["\uE022"]
		},
		{
			"type": "bitmap",
			"file": "minecraft:font/background/2.png",
			"ascent": 62,
			"height": 256,
			"chars": ["\uE023"]
		},
		{
			"type": "bitmap",
			"file": "minecraft:font/background/2-0.png",
			"ascent": 62,
			"height": 256,
			"chars": ["\uE024"]
		},
		{
			"type": "bitmap",
			"file": "minecraft:font/background/3.png",
			"ascent": 62,
			"height": 256,
			"chars": ["\uE025"]
		},
		{
			"type": "bitmap",
			"file": "minecraft:font/background/3-0.png",
			"ascent": 62,
			"height": 256,
			"chars": ["\uE026"]
		},
		{
			"type": "bitmap",
			"file": "minecraft:font/background/4.png",
			"ascent": 62,
			"height": 256,
			"chars": ["\uE027"]
		},
		{
			"type": "bitmap",
			"file": "minecraft:font/background/4-0.png",
			"ascent": 62,
			"height": 256,
			"chars": ["\uE028"]
		},
		{
			"type": "bitmap",
			"file": "minecraft:font/background/5.png",
			"ascent": 62,
			"height": 256,
			"chars": ["\uE029"]
		},
		{
			"type": "bitmap",
			"file": "minecraft:font/background/5-0.png",
			"ascent": 62,
			"height": 256,
			"chars": ["\uE030"]
		},
		{
			"type": "bitmap",
			"file": "minecraft:font/background/1.png",
			"ascent": 43,
			"height": 256,
			"chars": ["\uE031"]
		},
		{
			"type": "bitmap",
			"file": "minecraft:font/background/1-0.png",
			"ascent": 43,
			"height": 256,
			"chars": ["\uE032"]
		},
		{
			"type": "bitmap",
			"file": "minecraft:font/background/2.png",
			"ascent": 43,
			"height": 256,
			"chars": ["\uE033"]
		},
		{
			"type": "bitmap",
			"file": "minecraft:font/background/2-0.png",
			"ascent": 43,
			"height": 256,
			"chars": ["\uE034"]
		},
		{
			"type": "bitmap",
			"file": "minecraft:font/background/3.png",
			"ascent": 43,
			"height": 256,
			"chars": ["\uE035"]
		},
		{
			"type": "bitmap",
			"file": "minecraft:font/background/3-0.png",
			"ascent": 43,
			"height": 256,
			"chars": ["\uE036"]
		},
		{
			"type": "bitmap",
			"file": "minecraft:font/background/4.png",
			"ascent": 43,
			"height": 256,
			"chars": ["\uE037"]
		},
		{
			"type": "bitmap",
			"file": "minecraft:font/background/4-0.png",
			"ascent": 43,
			"height": 256,
			"chars": ["\uE038"]
		},
		{
			"type": "bitmap",
			"file": "minecraft:font/background/5.png",
			"ascent": 43,
			"height": 256,
			"chars": ["\uE039"]
		},
		{
			"type": "bitmap",
			"file": "minecraft:font/background/5-0.png",
			"ascent": 43,
			"height": 256,
			"chars": ["\uE040"]
		},
		{
			"type": "bitmap",
			"file": "minecraft:font/background/1.png",
			"ascent": 24,
			"height": 256,
			"chars": ["\uE041"]
		},
		{
			"type": "bitmap",
			"file": "minecraft:font/background/1-0.png",
			"ascent": 24,
			"height": 256,
			"chars": ["\uE042"]
		},
		{
			"type": "bitmap",
			"file": "minecraft:font/background/2.png",
			"ascent": 24,
			"height": 256,
			"chars": ["\uE043"]
		},
		{
			"type": "bitmap",
			"file": "minecraft:font/background/2-0.png",
			"ascent": 24,
			"height": 256,
			"chars": ["\uE044"]
		},
		{
			"type": "bitmap",
			"file": "minecraft:font/background/3.png",
			"ascent": 24,
			"height": 256,
			"chars": ["\uE045"]
		},
		{
			"type": "bitmap",
			"file": "minecraft:font/background/3-0.png",
			"ascent": 24,
			"height": 256,
			"chars": ["\uE046"]
		},
		{
			"type": "bitmap",
			"file": "minecraft:font/background/4.png",
			"ascent": 24,
			"height": 256,
			"chars": ["\uE047"]
		},
		{
			"type": "bitmap",
			"file": "minecraft:font/background/4-0.png",
			"ascent": 24,
			"height": 256,
			"chars": ["\uE048"]
		},
		{
			"type": "bitmap",
			"file": "minecraft:font/background/5.png",
			"ascent": 24,
			"height": 256,
			"chars": ["\uE049"]
		},
		{
			"type": "bitmap",
			"file": "minecraft:font/background/5-0.png",
			"ascent": 24,
			"height": 256,
			"chars": ["\uE050"]
        },
        {
            "type": "bitmap",
            "file": "minecraft:font/item/hardcore/breeze_rod.png",
            "ascent": 100,
            "height": 256,
            "chars": ["\ue051"]
        },
        {
            "type": "bitmap",
            "file": "minecraft:font/item/hardcore/breeze_rod.png",
            "ascent": 81,
            "height": 256,
            "chars": ["\ue052"]
        },
        {
            "type": "bitmap",
            "file": "minecraft:font/item/hardcore/breeze_rod.png",
            "ascent": 62,
            "height": 256,
            "chars": ["\ue053"]
        },
        {
            "type": "bitmap",
            "file": "minecraft:font/item/hardcore/breeze_rod.png",
            "ascent": 43,
            "height": 256,
            "chars": ["\ue054"]
        },
        {
            "type": "bitmap",
            "file": "minecraft:font/item/hardcore/breeze_rod.png",
            "ascent": 24,
            "height": 256,
            "chars": ["\ue055"]
        },
        {
            "type": "bitmap",
            "file": "minecraft:font/item/hardcore/mace.png",
            "ascent": 100,
            "height": 256,
            "chars": ["\ue056"]
        },
        {
            "type": "bitmap",
            "file": "minecraft:font/item/hardcore/mace.png",
            "ascent": 81,
            "height": 256,
            "chars": ["\ue057"]
        },
        {
            "type": "bitmap",
            "file": "minecraft:font/item/hardcore/mace.png",
            "ascent": 62,
            "height": 256,
            "chars": ["\ue058"]
        },
        {
            "type": "bitmap",
            "file": "minecraft:font/item/hardcore/mace.png",
            "ascent": 43,
            "height": 256,
            "chars": ["\ue059"]
        },
        {
            "type": "bitmap",
            "file": "minecraft:font/item/hardcore/mace.png",
            "ascent": 24,
            "height": 256,
            "chars": ["\ue060"]
        },
        {
            "type": "bitmap",
            "file": "minecraft:font/item/hardcore/ominous_bottle.png",
            "ascent": 100,
            "height": 256,
            "chars": ["\ue061"]
        },
        {
            "type": "bitmap",
            "file": "minecraft:font/item/hardcore/ominous_bottle.png",
            "ascent": 81,
            "height": 256,
            "chars": ["\ue062"]
        },
        {
            "type": "bitmap",
            "file": "minecraft:font/item/hardcore/ominous_bottle.png",
            "ascent": 62,
            "height": 256,
            "chars": ["\ue063"]
        },
        {
            "type": "bitmap",
            "file": "minecraft:font/item/hardcore/ominous_bottle.png",
            "ascent": 43,
            "height": 256,
            "chars": ["\ue064"]
        },
        {
            "type": "bitmap",
            "file": "minecraft:font/item/hardcore/ominous_bottle.png",
            "ascent": 24,
            "height": 256,
            "chars": ["\ue065"]
        },
        {
            "type": "bitmap",
            "file": "minecraft:font/item/hardcore/ominous_trial_key.png",
            "ascent": 100,
            "height": 256,
            "chars": ["\ue066"]
        },
        {
            "type": "bitmap",
            "file": "minecraft:font/item/hardcore/ominous_trial_key.png",
            "ascent": 81,
            "height": 256,
            "chars": ["\ue067"]
        },
        {
            "type": "bitmap",
            "file": "minecraft:font/item/hardcore/ominous_trial_key.png",
            "ascent": 62,
            "height": 256,
            "chars": ["\ue068"]
        },
        {
            "type": "bitmap",
            "file": "minecraft:font/item/hardcore/ominous_trial_key.png",
            "ascent": 43,
            "height": 256,
            "chars": ["\ue069"]
        },
        {
            "type": "bitmap",
            "file": "minecraft:font/item/hardcore/ominous_trial_key.png",
            "ascent": 24,
            "height": 256,
            "chars": ["\ue070"]
        },
        {
            "type": "bitmap",
            "file": "minecraft:font/item/hardcore/trial_key.png",
            "ascent": 100,
            "height": 256,
            "chars": ["\ue071"]
        },
        {
            "type": "bitmap",
            "file": "minecraft:font/item/hardcore/trial_key.png",
            "ascent": 81,
            "height": 256,
            "chars": ["\ue072"]
        },
        {
            "type": "bitmap",
            "file": "minecraft:font/item/hardcore/trial_key.png",
            "ascent": 62,
            "height": 256,
            "chars": ["\ue073"]
        },
        {
            "type": "bitmap",
            "file": "minecraft:font/item/hardcore/trial_key.png",
            "ascent": 43,
            "height": 256,
            "chars": ["\ue074"]
        },
        {
            "type": "bitmap",
            "file": "minecraft:font/item/hardcore/trial_key.png",
            "ascent": 24,
            "height": 256,
            "chars": ["\ue075"]
        },
        {
            "type": "bitmap",
            "file": "minecraft:font/item/hardcore/wind_charge.png",
            "ascent": 100,
            "height": 256,
            "chars": ["\ue076"]
        },
        {
            "type": "bitmap",
            "file": "minecraft:font/item/hardcore/wind_charge.png",
            "ascent": 81,
            "height": 256,
            "chars": ["\ue077"]
        },
        {
            "type": "bitmap",
            "file": "minecraft:font/item/hardcore/wind_charge.png",
            "ascent": 62,
            "height": 256,
            "chars": ["\ue078"]
        },
        {
            "type": "bitmap",
            "file": "minecraft:font/item/hardcore/wind_charge.png",
            "ascent": 43,
            "height": 256,
            "chars": ["\ue079"]
        },
        {
            "type": "bitmap",
            "file": "minecraft:font/item/hardcore/wind_charge.png",
            "ascent": 24,
            "height": 256,
            "chars": ["\ue080"]
        },
        {
            "type": "bitmap",
            "file": "minecraft:font/item/hardcore/music_disc/music_disc_creator.png",
            "ascent": 100,
            "height": 256,
            "chars": ["\ue081"]
        },
        {
            "type": "bitmap",
            "file": "minecraft:font/item/hardcore/music_disc/music_disc_creator.png",
            "ascent": 81,
            "height": 256,
            "chars": ["\ue082"]
        },
        {
            "type": "bitmap",
            "file": "minecraft:font/item/hardcore/music_disc/music_disc_creator.png",
            "ascent": 62,
            "height": 256,
            "chars": ["\ue083"]
        },
        {
            "type": "bitmap",
            "file": "minecraft:font/item/hardcore/music_disc/music_disc_creator.png",
            "ascent": 43,
            "height": 256,
            "chars": ["\ue084"]
        },
        {
            "type": "bitmap",
            "file": "minecraft:font/item/hardcore/music_disc/music_disc_creator.png",
            "ascent": 24,
            "height": 256,
            "chars": ["\ue085"]
        },
        {
            "type": "bitmap",
            "file": "minecraft:font/item/hardcore/music_disc/music_disc_creator_music_box.png",
            "ascent": 100,
            "height": 256,
            "chars": ["\ue086"]
        },
        {
            "type": "bitmap",
            "file": "minecraft:font/item/hardcore/music_disc/music_disc_creator_music_box.png",
            "ascent": 81,
            "height": 256,
            "chars": ["\ue087"]
        },
        {
            "type": "bitmap",
            "file": "minecraft:font/item/hardcore/music_disc/music_disc_creator_music_box.png",
            "ascent": 62,
            "height": 256,
            "chars": ["\ue088"]
        },
        {
            "type": "bitmap",
            "file": "minecraft:font/item/hardcore/music_disc/music_disc_creator_music_box.png",
            "ascent": 43,
            "height": 256,
            "chars": ["\ue089"]
        },
        {
            "type": "bitmap",
            "file": "minecraft:font/item/hardcore/music_disc/music_disc_creator_music_box.png",
            "ascent": 24,
            "height": 256,
            "chars": ["\ue090"]
        },
        {
            "type": "bitmap",
            "file": "minecraft:font/item/hardcore/pottery_sherd/scrape_pottery_sherd.png",
            "ascent": 100,
            "height": 256,
            "chars": ["\ue091"]
        },
        {
            "type": "bitmap",
            "file": "minecraft:font/item/hardcore/pottery_sherd/scrape_pottery_sherd.png",
            "ascent": 81,
            "height": 256,
            "chars": ["\ue092"]
        },
        {
            "type": "bitmap",
            "file": "minecraft:font/item/hardcore/pottery_sherd/scrape_pottery_sherd.png",
            "ascent": 62,
            "height": 256,
            "chars": ["\ue093"]
        },
        {
            "type": "bitmap",
            "file": "minecraft:font/item/hardcore/pottery_sherd/scrape_pottery_sherd.png",
            "ascent": 43,
            "height": 256,
            "chars": ["\ue094"]
        },
        {
            "type": "bitmap",
            "file": "minecraft:font/item/hardcore/pottery_sherd/scrape_pottery_sherd.png",
            "ascent": 24,
            "height": 256,
            "chars": ["\ue095"]
        },
        {
            "type": "bitmap",
            "file": "minecraft:font/item/hardcore/pottery_sherd/flow_pottery_sherd.png",
            "ascent": 100,
            "height": 256,
            "chars": ["\ue096"]
        },
        {
            "type": "bitmap",
            "file": "minecraft:font/item/hardcore/pottery_sherd/flow_pottery_sherd.png",
            "ascent": 81,
            "height": 256,
            "chars": ["\ue097"]
        },
        {
            "type": "bitmap",
            "file": "minecraft:font/item/hardcore/pottery_sherd/flow_pottery_sherd.png",
            "ascent": 62,
            "height": 256,
            "chars": ["\ue098"]
        },
        {
            "type": "bitmap",
            "file": "minecraft:font/item/hardcore/pottery_sherd/flow_pottery_sherd.png",
            "ascent": 43,
            "height": 256,
            "chars": ["\ue099"]
        },
        {
            "type": "bitmap",
            "file": "minecraft:font/item/hardcore/pottery_sherd/flow_pottery_sherd.png",
            "ascent": 24,
            "height": 256,
            "chars": ["\ue100"]
        },
        {
            "type": "bitmap",
            "file": "minecraft:font/item/hardcore/pottery_sherd/guster_pottery_sherd.png",
            "ascent": 100,
            "height": 256,
            "chars": ["\ue101"]
        },
        {
            "type": "bitmap",
            "file": "minecraft:font/item/hardcore/pottery_sherd/guster_pottery_sherd.png",
            "ascent": 81,
            "height": 256,
            "chars": ["\ue102"]
        },
        {
            "type": "bitmap",
            "file": "minecraft:font/item/hardcore/pottery_sherd/guster_pottery_sherd.png",
            "ascent": 62,
            "height": 256,
            "chars": ["\ue103"]
        },
        {
            "type": "bitmap",
            "file": "minecraft:font/item/hardcore/pottery_sherd/guster_pottery_sherd.png",
            "ascent": 43,
            "height": 256,
            "chars": ["\ue104"]
        },
        {
            "type": "bitmap",
            "file": "minecraft:font/item/hardcore/pottery_sherd/guster_pottery_sherd.png",
            "ascent": 24,
            "height": 256,
            "chars": ["\ue105"]
        },
        {
            "type": "bitmap",
            "file": "minecraft:font/item/hardcore/trim_smithing_template/flow_armor_trim_smithing_template.png",
            "ascent": 100,
            "height": 256,
            "chars": ["\ue106"]
        },
        {
            "type": "bitmap",
            "file": "minecraft:font/item/hardcore/trim_smithing_template/flow_armor_trim_smithing_template.png",
            "ascent": 81,
            "height": 256,
            "chars": ["\ue107"]
        },
        {
            "type": "bitmap",
            "file": "minecraft:font/item/hardcore/trim_smithing_template/flow_armor_trim_smithing_template.png",
            "ascent": 62,
            "height": 256,
            "chars": ["\ue108"]
        },
        {
            "type": "bitmap",
            "file": "minecraft:font/item/hardcore/trim_smithing_template/flow_armor_trim_smithing_template.png",
            "ascent": 43,
            "height": 256,
            "chars": ["\ue109"]
        },
        {
            "type": "bitmap",
            "file": "minecraft:font/item/hardcore/trim_smithing_template/flow_armor_trim_smithing_template.png",
            "ascent": 24,
            "height": 256,
            "chars": ["\ue110"]
        },
        {
            "type": "bitmap",
            "file": "minecraft:font/item/hardcore/trim_smithing_template/bolt_armor_trim_smithing_template.png",
            "ascent": 100,
            "height": 256,
            "chars": ["\ue111"]
        },
        {
            "type": "bitmap",
            "file": "minecraft:font/item/hardcore/trim_smithing_template/bolt_armor_trim_smithing_template.png",
            "ascent": 81,
            "height": 256,
            "chars": ["\ue112"]
        },
        {
            "type": "bitmap",
            "file": "minecraft:font/item/hardcore/trim_smithing_template/bolt_armor_trim_smithing_template.png",
            "ascent": 62,
            "height": 256,
            "chars": ["\ue113"]
        },
        {
            "type": "bitmap",
            "file": "minecraft:font/item/hardcore/trim_smithing_template/bolt_armor_trim_smithing_template.png",
            "ascent": 43,
            "height": 256,
            "chars": ["\ue114"]
        },
        {
            "type": "bitmap",
            "file": "minecraft:font/item/hardcore/trim_smithing_template/bolt_armor_trim_smithing_template.png",
            "ascent": 24,
            "height": 256,
            "chars": ["\ue115"]
        },
        {
            "type": "bitmap",
            "file": "minecraft:font/item/hardcore/copper_door.png",
            "ascent": 100,
            "height": 256,
            "chars": ["\ue116"]
        },
        {
            "type": "bitmap",
            "file": "minecraft:font/item/hardcore/copper_door.png",
            "ascent": 81,
            "height": 256,
            "chars": ["\ue117"]
        },
        {
            "type": "bitmap",
            "file": "minecraft:font/item/hardcore/copper_door.png",
            "ascent": 62,
            "height": 256,
            "chars": ["\ue118"]
        },
        {
            "type": "bitmap",
            "file": "minecraft:font/item/hardcore/copper_door.png",
            "ascent": 43,
            "height": 256,
            "chars": ["\ue119"]
        },
        {
            "type": "bitmap",
            "file": "minecraft:font/item/hardcore/copper_door.png",
            "ascent": 24,
            "height": 256,
            "chars": ["\ue120"]
        },
        {
            "type": "bitmap",
            "file": "minecraft:font/item/hardcore/exposed_copper_door.png",
            "ascent": 100,
            "height": 256,
            "chars": ["\ue121"]
        },
        {
            "type": "bitmap",
            "file": "minecraft:font/item/hardcore/exposed_copper_door.png",
            "ascent": 81,
            "height": 256,
            "chars": ["\ue122"]
        },
        {
            "type": "bitmap",
            "file": "minecraft:font/item/hardcore/exposed_copper_door.png",
            "ascent": 62,
            "height": 256,
            "chars": ["\ue123"]
        },
        {
            "type": "bitmap",
            "file": "minecraft:font/item/hardcore/exposed_copper_door.png",
            "ascent": 43,
            "height": 256,
            "chars": ["\ue124"]
        },
        {
            "type": "bitmap",
            "file": "minecraft:font/item/hardcore/exposed_copper_door.png",
            "ascent": 24,
            "height": 256,
            "chars": ["\ue125"]
        },
        {
            "type": "bitmap",
            "file": "minecraft:font/item/hardcore/music_disc/music_disc_precipice.png",
            "ascent": 100,
            "height": 256,
            "chars": ["\ue126"]
        },
        {
            "type": "bitmap",
            "file": "minecraft:font/item/hardcore/music_disc/music_disc_precipice.png",
            "ascent": 81,
            "height": 256,
            "chars": ["\ue127"]
        },
        {
            "type": "bitmap",
            "file": "minecraft:font/item/hardcore/music_disc/music_disc_precipice.png",
            "ascent": 62,
            "height": 256,
            "chars": ["\ue128"]
        },
        {
            "type": "bitmap",
            "file": "minecraft:font/item/hardcore/music_disc/music_disc_precipice.png",
            "ascent": 43,
            "height": 256,
            "chars": ["\ue129"]
        },
        {
            "type": "bitmap",
            "file": "minecraft:font/item/hardcore/music_disc/music_disc_precipice.png",
            "ascent": 24,
            "height": 256,
            "chars": ["\ue130"]
        },
        {
            "type": "bitmap",
            "file": "minecraft:font/item/hardcore/oxidized_copper_door.png",
            "ascent": 100,
            "height": 256,
            "chars": ["\ue131"]
        },
        {
            "type": "bitmap",
            "file": "minecraft:font/item/hardcore/oxidized_copper_door.png",
            "ascent": 81,
            "height": 256,
            "chars": ["\ue132"]
        },
        {
            "type": "bitmap",
            "file": "minecraft:font/item/hardcore/oxidized_copper_door.png",
            "ascent": 62,
            "height": 256,
            "chars": ["\ue133"]
        },
        {
            "type": "bitmap",
            "file": "minecraft:font/item/hardcore/oxidized_copper_door.png",
            "ascent": 43,
            "height": 256,
            "chars": ["\ue134"]
        },
        {
            "type": "bitmap",
            "file": "minecraft:font/item/hardcore/oxidized_copper_door.png",
            "ascent": 24,
            "height": 256,
            "chars": ["\ue135"]
        },
        {
            "type": "bitmap",
            "file": "minecraft:font/item/hardcore/weathered_copper_door.png",
            "ascent": 100,
            "height": 256,
            "chars": ["\ue136"]
        },
        {
            "type": "bitmap",
            "file": "minecraft:font/item/hardcore/weathered_copper_door.png",
            "ascent": 81,
            "height": 256,
            "chars": ["\ue137"]
        },
        {
            "type": "bitmap",
            "file": "minecraft:font/item/hardcore/weathered_copper_door.png",
            "ascent": 62,
            "height": 256,
            "chars": ["\ue138"]
        },
        {
            "type": "bitmap",
            "file": "minecraft:font/item/hardcore/weathered_copper_door.png",
            "ascent": 43,
            "height": 256,
            "chars": ["\ue139"]
        },
        {
            "type": "bitmap",
            "file": "minecraft:font/item/hardcore/weathered_copper_door.png",
            "ascent": 24,
            "height": 256,
            "chars": ["\ue140"]
        },
        {
            "type": "bitmap",
            "file": "minecraft:font/block/difficult/copper/chiseled_copper.png",
            "ascent": 6,
            "height": 64,
            "chars": ["\ue141"]
        },
        {
            "type": "bitmap",
            "file": "minecraft:font/block/difficult/copper/chiseled_copper.png",
            "ascent": -13,
            "height": 64,
            "chars": ["\ue142"]
        },
        {
            "type": "bitmap",
            "file": "minecraft:font/block/difficult/copper/chiseled_copper.png",
            "ascent": -32,
            "height": 64,
            "chars": ["\ue143"]
        },
        {
            "type": "bitmap",
            "file": "minecraft:font/block/difficult/copper/chiseled_copper.png",
            "ascent": -51,
            "height": 64,
            "chars": ["\ue144"]
        },
        {
            "type": "bitmap",
            "file": "minecraft:font/block/difficult/copper/chiseled_copper.png",
            "ascent": -70,
            "height": 64,
            "chars": ["\ue145"]
        },
        {
            "type": "bitmap",
            "file": "minecraft:font/block/standart/tuff/chiseled_tuff.png",
            "ascent": 6,
            "height": 64,
            "chars": ["\ue146"]
        },
        {
            "type": "bitmap",
            "file": "minecraft:font/block/standart/tuff/chiseled_tuff.png",
            "ascent": -13,
            "height": 64,
            "chars": ["\ue147"]
        },
        {
            "type": "bitmap",
            "file": "minecraft:font/block/standart/tuff/chiseled_tuff.png",
            "ascent": -32,
            "height": 64,
            "chars": ["\ue148"]
        },
        {
            "type": "bitmap",
            "file": "minecraft:font/block/standart/tuff/chiseled_tuff.png",
            "ascent": -51,
            "height": 64,
            "chars": ["\ue149"]
        },
        {
            "type": "bitmap",
            "file": "minecraft:font/block/standart/tuff/chiseled_tuff.png",
            "ascent": -70,
            "height": 64,
            "chars": ["\ue150"]
        },
        {
            "type": "bitmap",
            "file": "minecraft:font/block/standart/tuff/chiseled_tuff_bricks.png",
            "ascent": 6,
            "height": 64,
            "chars": ["\ue151"]
        },
        {
            "type": "bitmap",
            "file": "minecraft:font/block/standart/tuff/chiseled_tuff_bricks.png",
            "ascent": -13,
            "height": 64,
            "chars": ["\ue152"]
        },
        {
            "type": "bitmap",
            "file": "minecraft:font/block/standart/tuff/chiseled_tuff_bricks.png",
            "ascent": -32,
            "height": 64,
            "chars": ["\ue153"]
        },
        {
            "type": "bitmap",
            "file": "minecraft:font/block/standart/tuff/chiseled_tuff_bricks.png",
            "ascent": -51,
            "height": 64,
            "chars": ["\ue154"]
        },
        {
            "type": "bitmap",
            "file": "minecraft:font/block/standart/tuff/chiseled_tuff_bricks.png",
            "ascent": -70,
            "height": 64,
            "chars": ["\ue155"]
        },
        {
            "type": "bitmap",
            "file": "minecraft:font/block/difficult/copper/copper_bulb.png",
            "ascent": 6,
            "height": 64,
            "chars": ["\ue156"]
        },
        {
            "type": "bitmap",
            "file": "minecraft:font/block/difficult/copper/copper_bulb.png",
            "ascent": -13,
            "height": 64,
            "chars": ["\ue157"]
        },
        {
            "type": "bitmap",
            "file": "minecraft:font/block/difficult/copper/copper_bulb.png",
            "ascent": -32,
            "height": 64,
            "chars": ["\ue158"]
        },
        {
            "type": "bitmap",
            "file": "minecraft:font/block/difficult/copper/copper_bulb.png",
            "ascent": -51,
            "height": 64,
            "chars": ["\ue159"]
        },
        {
            "type": "bitmap",
            "file": "minecraft:font/block/difficult/copper/copper_bulb.png",
            "ascent": -70,
            "height": 64,
            "chars": ["\ue160"]
        },
        {
            "type": "bitmap",
            "file": "minecraft:font/block/difficult/copper/copper_grate.png",
            "ascent": 6,
            "height": 64,
            "chars": ["\ue161"]
        },
        {
            "type": "bitmap",
            "file": "minecraft:font/block/difficult/copper/copper_grate.png",
            "ascent": -13,
            "height": 64,
            "chars": ["\ue162"]
        },
        {
            "type": "bitmap",
            "file": "minecraft:font/block/difficult/copper/copper_grate.png",
            "ascent": -32,
            "height": 64,
            "chars": ["\ue163"]
        },
        {
            "type": "bitmap",
            "file": "minecraft:font/block/difficult/copper/copper_grate.png",
            "ascent": -51,
            "height": 64,
            "chars": ["\ue164"]
        },
        {
            "type": "bitmap",
            "file": "minecraft:font/block/difficult/copper/copper_grate.png",
            "ascent": -70,
            "height": 64,
            "chars": ["\ue165"]
        },
        {
            "type": "bitmap",
            "file": "minecraft:font/block/difficult/copper/copper_trapdoor.png",
            "ascent": 6,
            "height": 64,
            "chars": ["\ue166"]
        },
        {
            "type": "bitmap",
            "file": "minecraft:font/block/difficult/copper/copper_trapdoor.png",
            "ascent": -13,
            "height": 64,
            "chars": ["\ue167"]
        },
        {
            "type": "bitmap",
            "file": "minecraft:font/block/difficult/copper/copper_trapdoor.png",
            "ascent": -32,
            "height": 64,
            "chars": ["\ue168"]
        },
        {
            "type": "bitmap",
            "file": "minecraft:font/block/difficult/copper/copper_trapdoor.png",
            "ascent": -51,
            "height": 64,
            "chars": ["\ue169"]
        },
        {
            "type": "bitmap",
            "file": "minecraft:font/block/difficult/copper/copper_trapdoor.png",
            "ascent": -70,
            "height": 64,
            "chars": ["\ue170"]
        },
        {
            "type": "bitmap",
            "file": "minecraft:font/block/standart/crafter.png",
            "ascent": 6,
            "height": 64,
            "chars": ["\ue171"]
        },
        {
            "type": "bitmap",
            "file": "minecraft:font/block/standart/crafter.png",
            "ascent": -13,
            "height": 64,
            "chars": ["\ue172"]
        },
        {
            "type": "bitmap",
            "file": "minecraft:font/block/standart/crafter.png",
            "ascent": -32,
            "height": 64,
            "chars": ["\ue173"]
        },
        {
            "type": "bitmap",
            "file": "minecraft:font/block/standart/crafter.png",
            "ascent": -51,
            "height": 64,
            "chars": ["\ue174"]
        },
        {
            "type": "bitmap",
            "file": "minecraft:font/block/standart/crafter.png",
            "ascent": -70,
            "height": 64,
            "chars": ["\ue175"]
        },
        {
            "type": "bitmap",
            "file": "minecraft:font/block/difficult/copper/exposed_chiseled_copper.png",
            "ascent": 6,
            "height": 64,
            "chars": ["\ue176"]
        },
        {
            "type": "bitmap",
            "file": "minecraft:font/block/difficult/copper/exposed_chiseled_copper.png",
            "ascent": -13,
            "height": 64,
            "chars": ["\ue177"]
        },
        {
            "type": "bitmap",
            "file": "minecraft:font/block/difficult/copper/exposed_chiseled_copper.png",
            "ascent": -32,
            "height": 64,
            "chars": ["\ue178"]
        },
        {
            "type": "bitmap",
            "file": "minecraft:font/block/difficult/copper/exposed_chiseled_copper.png",
            "ascent": -51,
            "height": 64,
            "chars": ["\ue179"]
        },
        {
            "type": "bitmap",
            "file": "minecraft:font/block/difficult/copper/exposed_chiseled_copper.png",
            "ascent": -70,
            "height": 64,
            "chars": ["\ue180"]
        },
        {
            "type": "bitmap",
            "file": "minecraft:font/block/difficult/copper/exposed_copper_bulb.png",
            "ascent": 6,
            "height": 64,
            "chars": ["\ue181"]
        },
        {
            "type": "bitmap",
            "file": "minecraft:font/block/difficult/copper/exposed_copper_bulb.png",
            "ascent": -13,
            "height": 64,
            "chars": ["\ue182"]
        },
        {
            "type": "bitmap",
            "file": "minecraft:font/block/difficult/copper/exposed_copper_bulb.png",
            "ascent": -32,
            "height": 64,
            "chars": ["\ue183"]
        },
        {
            "type": "bitmap",
            "file": "minecraft:font/block/difficult/copper/exposed_copper_bulb.png",
            "ascent": -51,
            "height": 64,
            "chars": ["\ue184"]
        },
        {
            "type": "bitmap",
            "file": "minecraft:font/block/difficult/copper/exposed_copper_bulb.png",
            "ascent": -70,
            "height": 64,
            "chars": ["\ue185"]
        },
        {
            "type": "bitmap",
            "file": "minecraft:font/block/difficult/copper/exposed_copper_grate.png",
            "ascent": 6,
            "height": 64,
            "chars": ["\ue186"]
        },
        {
            "type": "bitmap",
            "file": "minecraft:font/block/difficult/copper/exposed_copper_grate.png",
            "ascent": -13,
            "height": 64,
            "chars": ["\ue187"]
        },
        {
            "type": "bitmap",
            "file": "minecraft:font/block/difficult/copper/exposed_copper_grate.png",
            "ascent": -32,
            "height": 64,
            "chars": ["\ue188"]
        },
        {
            "type": "bitmap",
            "file": "minecraft:font/block/difficult/copper/exposed_copper_grate.png",
            "ascent": -51,
            "height": 64,
            "chars": ["\ue189"]
        },
        {
            "type": "bitmap",
            "file": "minecraft:font/block/difficult/copper/exposed_copper_grate.png",
            "ascent": -70,
            "height": 64,
            "chars": ["\ue190"]
        },
        {
            "type": "bitmap",
            "file": "minecraft:font/block/difficult/copper/exposed_copper_trapdoor.png",
            "ascent": 6,
            "height": 64,
            "chars": ["\ue191"]
        },
        {
            "type": "bitmap",
            "file": "minecraft:font/block/difficult/copper/exposed_copper_trapdoor.png",
            "ascent": -13,
            "height": 64,
            "chars": ["\ue192"]
        },
        {
            "type": "bitmap",
            "file": "minecraft:font/block/difficult/copper/exposed_copper_trapdoor.png",
            "ascent": -32,
            "height": 64,
            "chars": ["\ue193"]
        },
        {
            "type": "bitmap",
            "file": "minecraft:font/block/difficult/copper/exposed_copper_trapdoor.png",
            "ascent": -51,
            "height": 64,
            "chars": ["\ue194"]
        },
        {
            "type": "bitmap",
            "file": "minecraft:font/block/difficult/copper/exposed_copper_trapdoor.png",
            "ascent": -70,
            "height": 64,
            "chars": ["\ue195"]
        },
        {
            "type": "bitmap",
            "file": "minecraft:font/block/hardcore/heavy_core.png",
            "ascent": 6,
            "height": 64,
            "chars": ["\ue196"]
        },
        {
            "type": "bitmap",
            "file": "minecraft:font/block/hardcore/heavy_core.png",
            "ascent": -13,
            "height": 64,
            "chars": ["\ue197"]
        },
        {
            "type": "bitmap",
            "file": "minecraft:font/block/hardcore/heavy_core.png",
            "ascent": -32,
            "height": 64,
            "chars": ["\ue198"]
        },
        {
            "type": "bitmap",
            "file": "minecraft:font/block/hardcore/heavy_core.png",
            "ascent": -51,
            "height": 64,
            "chars": ["\ue199"]
        },
        {
            "type": "bitmap",
            "file": "minecraft:font/block/hardcore/heavy_core.png",
            "ascent": -70,
            "height": 64,
            "chars": ["\ue200"]
        },
        {
            "type": "bitmap",
            "file": "minecraft:font/block/difficult/copper/oxidized_chiseled_copper.png",
            "ascent": 6,
            "height": 64,
            "chars": ["\ue201"]
        },
        {
            "type": "bitmap",
            "file": "minecraft:font/block/difficult/copper/oxidized_chiseled_copper.png",
            "ascent": -13,
            "height": 64,
            "chars": ["\ue202"]
        },
        {
            "type": "bitmap",
            "file": "minecraft:font/block/difficult/copper/oxidized_chiseled_copper.png",
            "ascent": -32,
            "height": 64,
            "chars": ["\ue203"]
        },
        {
            "type": "bitmap",
            "file": "minecraft:font/block/difficult/copper/oxidized_chiseled_copper.png",
            "ascent": -51,
            "height": 64,
            "chars": ["\ue204"]
        },
        {
            "type": "bitmap",
            "file": "minecraft:font/block/difficult/copper/oxidized_chiseled_copper.png",
            "ascent": -70,
            "height": 64,
            "chars": ["\ue205"]
        },
        {
            "type": "bitmap",
            "file": "minecraft:font/block/difficult/copper/oxidized_copper_bulb.png",
            "ascent": 6,
            "height": 64,
            "chars": ["\ue206"]
        },
        {
            "type": "bitmap",
            "file": "minecraft:font/block/difficult/copper/oxidized_copper_bulb.png",
            "ascent": -13,
            "height": 64,
            "chars": ["\ue207"]
        },
        {
            "type": "bitmap",
            "file": "minecraft:font/block/difficult/copper/oxidized_copper_bulb.png",
            "ascent": -32,
            "height": 64,
            "chars": ["\ue208"]
        },
        {
            "type": "bitmap",
            "file": "minecraft:font/block/difficult/copper/oxidized_copper_bulb.png",
            "ascent": -51,
            "height": 64,
            "chars": ["\ue209"]
        },
        {
            "type": "bitmap",
            "file": "minecraft:font/block/difficult/copper/oxidized_copper_bulb.png",
            "ascent": -70,
            "height": 64,
            "chars": ["\ue210"]
        },
        {
            "type": "bitmap",
            "file": "minecraft:font/block/difficult/copper/oxidized_copper_grate.png",
            "ascent": 6,
            "height": 64,
            "chars": ["\ue211"]
        },
        {
            "type": "bitmap",
            "file": "minecraft:font/block/difficult/copper/oxidized_copper_grate.png",
            "ascent": -13,
            "height": 64,
            "chars": ["\ue212"]
        },
        {
            "type": "bitmap",
            "file": "minecraft:font/block/difficult/copper/oxidized_copper_grate.png",
            "ascent": -32,
            "height": 64,
            "chars": ["\ue213"]
        },
        {
            "type": "bitmap",
            "file": "minecraft:font/block/difficult/copper/oxidized_copper_grate.png",
            "ascent": -51,
            "height": 64,
            "chars": ["\ue214"]
        },
        {
            "type": "bitmap",
            "file": "minecraft:font/block/difficult/copper/oxidized_copper_grate.png",
            "ascent": -70,
            "height": 64,
            "chars": ["\ue215"]
        },
        {
            "type": "bitmap",
            "file": "minecraft:font/block/difficult/copper/oxidized_copper_trapdoor.png",
            "ascent": 6,
            "height": 64,
            "chars": ["\ue216"]
        },
        {
            "type": "bitmap",
            "file": "minecraft:font/block/difficult/copper/oxidized_copper_trapdoor.png",
            "ascent": -13,
            "height": 64,
            "chars": ["\ue217"]
        },
        {
            "type": "bitmap",
            "file": "minecraft:font/block/difficult/copper/oxidized_copper_trapdoor.png",
            "ascent": -32,
            "height": 64,
            "chars": ["\ue218"]
        },
        {
            "type": "bitmap",
            "file": "minecraft:font/block/difficult/copper/oxidized_copper_trapdoor.png",
            "ascent": -51,
            "height": 64,
            "chars": ["\ue219"]
        },
        {
            "type": "bitmap",
            "file": "minecraft:font/block/difficult/copper/oxidized_copper_trapdoor.png",
            "ascent": -70,
            "height": 64,
            "chars": ["\ue220"]
        },
        {
            "type": "bitmap",
            "file": "minecraft:font/block/standart/tuff/polished_tuff.png",
            "ascent": 6,
            "height": 64,
            "chars": ["\ue221"]
        },
        {
            "type": "bitmap",
            "file": "minecraft:font/block/standart/tuff/polished_tuff.png",
            "ascent": -13,
            "height": 64,
            "chars": ["\ue222"]
        },
        {
            "type": "bitmap",
            "file": "minecraft:font/block/standart/tuff/polished_tuff.png",
            "ascent": -32,
            "height": 64,
            "chars": ["\ue223"]
        },
        {
            "type": "bitmap",
            "file": "minecraft:font/block/standart/tuff/polished_tuff.png",
            "ascent": -51,
            "height": 64,
            "chars": ["\ue224"]
        },
        {
            "type": "bitmap",
            "file": "minecraft:font/block/standart/tuff/polished_tuff.png",
            "ascent": -70,
            "height": 64,
            "chars": ["\ue225"]
        },
        {
            "type": "bitmap",
            "file": "minecraft:font/block/standart/tuff/polished_tuff_slab.png",
            "ascent": 6,
            "height": 64,
            "chars": ["\ue226"]
        },
        {
            "type": "bitmap",
            "file": "minecraft:font/block/standart/tuff/polished_tuff_slab.png",
            "ascent": -13,
            "height": 64,
            "chars": ["\ue227"]
        },
        {
            "type": "bitmap",
            "file": "minecraft:font/block/standart/tuff/polished_tuff_slab.png",
            "ascent": -32,
            "height": 64,
            "chars": ["\ue228"]
        },
        {
            "type": "bitmap",
            "file": "minecraft:font/block/standart/tuff/polished_tuff_slab.png",
            "ascent": -51,
            "height": 64,
            "chars": ["\ue229"]
        },
        {
            "type": "bitmap",
            "file": "minecraft:font/block/standart/tuff/polished_tuff_slab.png",
            "ascent": -70,
            "height": 64,
            "chars": ["\ue230"]
        },
        {
            "type": "bitmap",
            "file": "minecraft:font/block/standart/tuff/polished_tuff_stairs.png",
            "ascent": 6,
            "height": 64,
            "chars": ["\ue231"]
        },
        {
            "type": "bitmap",
            "file": "minecraft:font/block/standart/tuff/polished_tuff_stairs.png",
            "ascent": -13,
            "height": 64,
            "chars": ["\ue232"]
        },
        {
            "type": "bitmap",
            "file": "minecraft:font/block/standart/tuff/polished_tuff_stairs.png",
            "ascent": -32,
            "height": 64,
            "chars": ["\ue233"]
        },
        {
            "type": "bitmap",
            "file": "minecraft:font/block/standart/tuff/polished_tuff_stairs.png",
            "ascent": -51,
            "height": 64,
            "chars": ["\ue234"]
        },
        {
            "type": "bitmap",
            "file": "minecraft:font/block/standart/tuff/polished_tuff_stairs.png",
            "ascent": -70,
            "height": 64,
            "chars": ["\ue235"]
        },
        {
            "type": "bitmap",
            "file": "minecraft:font/block/standart/tuff/polished_tuff_wall.png",
            "ascent": 6,
            "height": 64,
            "chars": ["\ue236"]
        },
        {
            "type": "bitmap",
            "file": "minecraft:font/block/standart/tuff/polished_tuff_wall.png",
            "ascent": -13,
            "height": 64,
            "chars": ["\ue237"]
        },
        {
            "type": "bitmap",
            "file": "minecraft:font/block/standart/tuff/polished_tuff_wall.png",
            "ascent": -32,
            "height": 64,
            "chars": ["\ue238"]
        },
        {
            "type": "bitmap",
            "file": "minecraft:font/block/standart/tuff/polished_tuff_wall.png",
            "ascent": -51,
            "height": 64,
            "chars": ["\ue239"]
        },
        {
            "type": "bitmap",
            "file": "minecraft:font/block/standart/tuff/polished_tuff_wall.png",
            "ascent": -70,
            "height": 64,
            "chars": ["\ue240"]
        },
        {
            "type": "bitmap",
            "file": "minecraft:font/block/standart/tuff/tuff_brick_slab.png",
            "ascent": 6,
            "height": 64,
            "chars": ["\ue241"]
        },
        {
            "type": "bitmap",
            "file": "minecraft:font/block/standart/tuff/tuff_brick_slab.png",
            "ascent": -13,
            "height": 64,
            "chars": ["\ue242"]
        },
        {
            "type": "bitmap",
            "file": "minecraft:font/block/standart/tuff/tuff_brick_slab.png",
            "ascent": -32,
            "height": 64,
            "chars": ["\ue243"]
        },
        {
            "type": "bitmap",
            "file": "minecraft:font/block/standart/tuff/tuff_brick_slab.png",
            "ascent": -51,
            "height": 64,
            "chars": ["\ue244"]
        },
        {
            "type": "bitmap",
            "file": "minecraft:font/block/standart/tuff/tuff_brick_slab.png",
            "ascent": -70,
            "height": 64,
            "chars": ["\ue245"]
        },
        {
            "type": "bitmap",
            "file": "minecraft:font/block/standart/tuff/tuff_brick_stairs.png",
            "ascent": 6,
            "height": 64,
            "chars": ["\ue246"]
        },
        {
            "type": "bitmap",
            "file": "minecraft:font/block/standart/tuff/tuff_brick_stairs.png",
            "ascent": -13,
            "height": 64,
            "chars": ["\ue247"]
        },
        {
            "type": "bitmap",
            "file": "minecraft:font/block/standart/tuff/tuff_brick_stairs.png",
            "ascent": -32,
            "height": 64,
            "chars": ["\ue248"]
        },
        {
            "type": "bitmap",
            "file": "minecraft:font/block/standart/tuff/tuff_brick_stairs.png",
            "ascent": -51,
            "height": 64,
            "chars": ["\ue249"]
        },
        {
            "type": "bitmap",
            "file": "minecraft:font/block/standart/tuff/tuff_brick_stairs.png",
            "ascent": -70,
            "height": 64,
            "chars": ["\ue250"]
        },
        {
            "type": "bitmap",
            "file": "minecraft:font/block/standart/tuff/tuff_brick_wall.png",
            "ascent": 6,
            "height": 64,
            "chars": ["\ue251"]
        },
        {
            "type": "bitmap",
            "file": "minecraft:font/block/standart/tuff/tuff_brick_wall.png",
            "ascent": -13,
            "height": 64,
            "chars": ["\ue252"]
        },
        {
            "type": "bitmap",
            "file": "minecraft:font/block/standart/tuff/tuff_brick_wall.png",
            "ascent": -32,
            "height": 64,
            "chars": ["\ue253"]
        },
        {
            "type": "bitmap",
            "file": "minecraft:font/block/standart/tuff/tuff_brick_wall.png",
            "ascent": -51,
            "height": 64,
            "chars": ["\ue254"]
        },
        {
            "type": "bitmap",
            "file": "minecraft:font/block/standart/tuff/tuff_brick_wall.png",
            "ascent": -70,
            "height": 64,
            "chars": ["\ue255"]
        },
        {
            "type": "bitmap",
            "file": "minecraft:font/block/standart/tuff/tuff_bricks.png",
            "ascent": 6,
            "height": 64,
            "chars": ["\ue256"]
        },
        {
            "type": "bitmap",
            "file": "minecraft:font/block/standart/tuff/tuff_bricks.png",
            "ascent": -13,
            "height": 64,
            "chars": ["\ue257"]
        },
        {
            "type": "bitmap",
            "file": "minecraft:font/block/standart/tuff/tuff_bricks.png",
            "ascent": -32,
            "height": 64,
            "chars": ["\ue258"]
        },
        {
            "type": "bitmap",
            "file": "minecraft:font/block/standart/tuff/tuff_bricks.png",
            "ascent": -51,
            "height": 64,
            "chars": ["\ue259"]
        },
        {
            "type": "bitmap",
            "file": "minecraft:font/block/standart/tuff/tuff_bricks.png",
            "ascent": -70,
            "height": 64,
            "chars": ["\ue260"]
        },
        {
            "type": "bitmap",
            "file": "minecraft:font/block/standart/tuff/tuff_slab.png",
            "ascent": 6,
            "height": 64,
            "chars": ["\ue261"]
        },
        {
            "type": "bitmap",
            "file": "minecraft:font/block/standart/tuff/tuff_slab.png",
            "ascent": -13,
            "height": 64,
            "chars": ["\ue262"]
        },
        {
            "type": "bitmap",
            "file": "minecraft:font/block/standart/tuff/tuff_slab.png",
            "ascent": -32,
            "height": 64,
            "chars": ["\ue263"]
        },
        {
            "type": "bitmap",
            "file": "minecraft:font/block/standart/tuff/tuff_slab.png",
            "ascent": -51,
            "height": 64,
            "chars": ["\ue264"]
        },
        {
            "type": "bitmap",
            "file": "minecraft:font/block/standart/tuff/tuff_slab.png",
            "ascent": -70,
            "height": 64,
            "chars": ["\ue265"]
        },
        {
            "type": "bitmap",
            "file": "minecraft:font/block/standart/tuff/tuff_stairs.png",
            "ascent": 6,
            "height": 64,
            "chars": ["\ue266"]
        },
        {
            "type": "bitmap",
            "file": "minecraft:font/block/standart/tuff/tuff_stairs.png",
            "ascent": -13,
            "height": 64,
            "chars": ["\ue267"]
        },
        {
            "type": "bitmap",
            "file": "minecraft:font/block/standart/tuff/tuff_stairs.png",
            "ascent": -32,
            "height": 64,
            "chars": ["\ue268"]
        },
        {
            "type": "bitmap",
            "file": "minecraft:font/block/standart/tuff/tuff_stairs.png",
            "ascent": -51,
            "height": 64,
            "chars": ["\ue269"]
        },
        {
            "type": "bitmap",
            "file": "minecraft:font/block/standart/tuff/tuff_stairs.png",
            "ascent": -70,
            "height": 64,
            "chars": ["\ue270"]
        },
        {
            "type": "bitmap",
            "file": "minecraft:font/block/standart/tuff/tuff_wall.png",
            "ascent": 6,
            "height": 64,
            "chars": ["\ue271"]
        },
        {
            "type": "bitmap",
            "file": "minecraft:font/block/standart/tuff/tuff_wall.png",
            "ascent": -13,
            "height": 64,
            "chars": ["\ue272"]
        },
        {
            "type": "bitmap",
            "file": "minecraft:font/block/standart/tuff/tuff_wall.png",
            "ascent": -32,
            "height": 64,
            "chars": ["\ue273"]
        },
        {
            "type": "bitmap",
            "file": "minecraft:font/block/standart/tuff/tuff_wall.png",
            "ascent": -51,
            "height": 64,
            "chars": ["\ue274"]
        },
        {
            "type": "bitmap",
            "file": "minecraft:font/block/standart/tuff/tuff_wall.png",
            "ascent": -70,
            "height": 64,
            "chars": ["\ue275"]
        },
        {
            "type": "bitmap",
            "file": "minecraft:font/block/difficult/copper/weathered_chiseled_copper.png",
            "ascent": 6,
            "height": 64,
            "chars": ["\ue276"]
        },
        {
            "type": "bitmap",
            "file": "minecraft:font/block/difficult/copper/weathered_chiseled_copper.png",
            "ascent": -13,
            "height": 64,
            "chars": ["\ue277"]
        },
        {
            "type": "bitmap",
            "file": "minecraft:font/block/difficult/copper/weathered_chiseled_copper.png",
            "ascent": -32,
            "height": 64,
            "chars": ["\ue278"]
        },
        {
            "type": "bitmap",
            "file": "minecraft:font/block/difficult/copper/weathered_chiseled_copper.png",
            "ascent": -51,
            "height": 64,
            "chars": ["\ue279"]
        },
        {
            "type": "bitmap",
            "file": "minecraft:font/block/difficult/copper/weathered_chiseled_copper.png",
            "ascent": -70,
            "height": 64,
            "chars": ["\ue280"]
        },
        {
            "type": "bitmap",
            "file": "minecraft:font/block/difficult/copper/weathered_copper_bulb.png",
            "ascent": 6,
            "height": 64,
            "chars": ["\ue281"]
        },
        {
            "type": "bitmap",
            "file": "minecraft:font/block/difficult/copper/weathered_copper_bulb.png",
            "ascent": -13,
            "height": 64,
            "chars": ["\ue282"]
        },
        {
            "type": "bitmap",
            "file": "minecraft:font/block/difficult/copper/weathered_copper_bulb.png",
            "ascent": -32,
            "height": 64,
            "chars": ["\ue283"]
        },
        {
            "type": "bitmap",
            "file": "minecraft:font/block/difficult/copper/weathered_copper_bulb.png",
            "ascent": -51,
            "height": 64,
            "chars": ["\ue284"]
        },
        {
            "type": "bitmap",
            "file": "minecraft:font/block/difficult/copper/weathered_copper_bulb.png",
            "ascent": -70,
            "height": 64,
            "chars": ["\ue285"]
        },
        {
            "type": "bitmap",
            "file": "minecraft:font/block/difficult/copper/weathered_copper_grate.png",
            "ascent": 6,
            "height": 64,
            "chars": ["\ue286"]
        },
        {
            "type": "bitmap",
            "file": "minecraft:font/block/difficult/copper/weathered_copper_grate.png",
            "ascent": -13,
            "height": 64,
            "chars": ["\ue287"]
        },
        {
            "type": "bitmap",
            "file": "minecraft:font/block/difficult/copper/weathered_copper_grate.png",
            "ascent": -32,
            "height": 64,
            "chars": ["\ue288"]
        },
        {
            "type": "bitmap",
            "file": "minecraft:font/block/difficult/copper/weathered_copper_grate.png",
            "ascent": -51,
            "height": 64,
            "chars": ["\ue289"]
        },
        {
            "type": "bitmap",
            "file": "minecraft:font/block/difficult/copper/weathered_copper_grate.png",
            "ascent": -70,
            "height": 64,
            "chars": ["\ue290"]
        },
        {
            "type": "bitmap",
            "file": "minecraft:font/block/difficult/copper/weathered_copper_trapdoor.png",
            "ascent": 6,
            "height": 64,
            "chars": ["\ue291"]
        },
        {
            "type": "bitmap",
            "file": "minecraft:font/block/difficult/copper/weathered_copper_trapdoor.png",
            "ascent": -13,
            "height": 64,
            "chars": ["\ue292"]
        },
        {
            "type": "bitmap",
            "file": "minecraft:font/block/difficult/copper/weathered_copper_trapdoor.png",
            "ascent": -32,
            "height": 64,
            "chars": ["\ue293"]
        },
        {
            "type": "bitmap",
            "file": "minecraft:font/block/difficult/copper/weathered_copper_trapdoor.png",
            "ascent": -51,
            "height": 64,
            "chars": ["\ue294"]
        },
        {
            "type": "bitmap",
            "file": "minecraft:font/block/difficult/copper/weathered_copper_trapdoor.png",
            "ascent": -70,
            "height": 64,
            "chars": ["\ue295"]
		},
		{
            "type": "bitmap", "file": "space:font/splitter.png", "ascent": -9999, "height": -2, "chars": [ "󀀀" ] }, { "type": "space", "advances": { "󐁍": 77, "󐂑": 145, "󐁳": 115 } } ] }